MEAN_0,MEAN_1,MEAN_2,STD_0,STD_1,STD_2,MIN_0,MIN_1,MIN_2,MAX_0,MAX_1,MAX_2
40.41632640429136,40.61267934680659,41.76777192024188,28.897093693287122,28.3026002482954,30.55047216573266,0,0,0,255,255,255
